Workbook

Sheet Sheet1
A1: Year | B1: Fuel type | F1: Fuel type
B2: Diesel (cents/l) | C2: Propane (cents/l) | D2: Natural gas | E2: Coal (pesos/tonne) | F2: Diesel (pesos/tCO2) | G2: Propane (pesos/tCO2) | H2: Natural gas | I2: Coal (pesos/tCO2) | J2: Other fuels | K2: source
A3: 2014 | B3: 12.59 | C3: 5.91 | D3: 0 | E3: 27.54 | F3: =B3/100/emissions_factors!$B$2 -> 47.039184 | G3: =C3/100/emissions_factors!$B$2 -> 22.081142 | H3: =D4/100/emissions_factors!$B$2 -> 0 | I3: =E3/emissions_factors!$B$3 -> 10.431818 | J3: 39.8
A4: 2015 | B4: 13.11 | C4: 6.15 | D4: 0 | E4: 28.68 | F4: =B4/100/emissions_factors!$B$2 -> 48.982026 | G4: =C4/100/emissions_factors!$B$2 -> 22.977838 | H4: =D5/100/emissions_factors!$B$2 -> 0 | I4: =E4/emissions_factors!$B$3 -> 10.863636 | J4: 41.45 | K4: LIEP(2020)
A5: 2016 | B5: 13.11 | C5: 6.15 | D5: 0 | E5: 28.68 | F5: =B5/100/emissions_factors!$B$2 -> 48.982026 | G5: =C5/100/emissions_factors!$B$2 -> 22.977838 | H5: =D6/100/emissions_factors!$B$2 -> 0 | I5: =E5/emissions_factors!$B$3 -> 10.863636 | J5: 41.45 | K5: LIEP(2020)
A6: 2017 | B6: 13.84 | C6: 6.5 | D6: 0 | E6: 30.28 | F6: =B6/100/emissions_factors!$B$2 -> 51.709476 | G6: =C6/100/emissions_factors!$B$2 -> 24.28552 | H6: =D7/100/emissions_factors!$B$2 -> 0 | I6: =E6/emissions_factors!$B$3 -> 11.469697 | J6: 43.77 | K6: LIEP(2020)
A7: 2018 | B7: 14.76 | C7: 6.93 | D7: 0 | E7: 32.29 | F7: =B7/100/emissions_factors!$B$2 -> 55.146812 | G7: =C7/100/emissions_factors!$B$2 -> 25.892101 | H7: =D8/100/emissions_factors!$B$2 -> 0 | I7: =E7/emissions_factors!$B$3 -> 12.231061 | J7: 46.67 | K7: LIEP(2020)
A8: 2019 | B8: 15.46 | C8: 7.26 | D8: 0 | E8: 33.81 | F8: =B8/100/emissions_factors!$B$2 -> 57.762175 | G8: =C8/100/emissions_factors!$B$2 -> 27.125058 | H8: =D9/100/emissions_factors!$B$2 -> 0 | I8: =E8/emissions_factors!$B$3 -> 12.806818 | J8: 48.87 | K8: LIEP(2020)
A9: 2020 | B9: 15.92 | C9: 7.48 | D9: 0 | E9: 34.81 | F9: =B9/100/emissions_factors!$B$2 -> 59.480843 | G9: =C9/100/emissions_factors!$B$2 -> 27.947029 | H9: =D10/100/emissions_factors!$B$2 -> 0 | I9: =E9/emissions_factors!$B$3 -> 13.185606 | J9: 50.32 | K9: LIEP(2020)
A10: 2021 | B10: 16.4501 | C10: 7.7291 | D10: 0 | E10: 35.9692 | F10: =B10/100/emissions_factors!$B$2 -> 61.46142 | G10: =C10/100/emissions_factors!$B$2 -> 28.877725 | H10: =D11/100/emissions_factors!$B$2 -> 0 | I10: =E10/emissions_factors!$B$3 -> 13.624697 | J10: 51.9957 | K10: LIEP(2020)
A11: 2022 | B11: 17.6624 | C11: 8.2987 | D11: 0 | E11: 38.6201 | F11: =B11/100/emissions_factors!$B$2 -> 65.990857 | G11: =C11/100/emissions_factors!$B$2 -> 31.005884 | H11: 0 | I11: =E11/emissions_factors!$B$3 -> 14.628826 | J11: 55.8277 | K11: LIEP(2024)
A12: 2023 | B12: 19.0383 | C12: 8.9451 | D12: 0 | E12: 41.6286 | F12: =B12/100/emissions_factors!$B$2 -> 71.131541 | G12: =C12/100/emissions_factors!$B$2 -> 33.420985 | H12: 0 | I12: =E12/emissions_factors!$B$3 -> 15.768409 | J12: 60.1766 | K12: LIEP(2024)
A13: 2024 | B13: 19.8607 | C13: 9.3315 | D13: 0 | E13: 43.4269 | F13: =B13/100/emissions_factors!$B$2 -> 74.20422 | G13: =C13/100/emissions_factors!$B$2 -> 34.864666 | H13: 0 | I13: =E13/emissions_factors!$B$3 -> 16.449583 | J13: 62.7762 | K13: LIEP(2024)

Sheet emissions_factors
B1: EF
A2: Diesel (tCO2/l) | B2: 0.002676492 | D2: =0.722*3.67/1000 -> 0.00264974
A3: Coal (tCO2/tonne) | B3: 2.64
A4: Propane (tCO2/l) | B4: 0.0016117002
