Workbook

Sheet official_periods
A3: scheme_id | B3: period_start | C3: period_end | D3: period_length | E3: days_in_year | F3: CO2e price | G3: currency_code | H3: source | I3: comment
A4: can_bc_tax | B4: 39448 | C4: 39538 | D4: =DATEDIF(B4,C4,"d") -> 90 | E4: 365 | F4: 0 | G4: CAD | I4: The tax rate is updated once a year at the start of the fiscal year (April 1)
A5: can_bc_tax | B5: 39539 | C5: 39813 | D5: =DATEDIF(B5,C5,"d") -> 274 | E5: 365 | F5: 10 | G5: CAD
A6: can_bc_tax | B6: 39814 | C6: 39903 | D6: =DATEDIF(B6,C6,"d") -> 89 | E6: 365 | F6: 10 | G6: CAD
A7: can_bc_tax | B7: 39904 | C7: 40178 | D7: =DATEDIF(B7,C7,"d") -> 274 | E7: 365 | F7: 15 | G7: CAD
A8: can_bc_tax | B8: 40179 | C8: 40268 | D8: =DATEDIF(B8,C8,"d") -> 89 | E8: 365 | F8: 15 | G8: CAD
A9: can_bc_tax | B9: 40269 | C9: 40543 | D9: =DATEDIF(B9,C9,"d") -> 274 | E9: 365 | F9: 20 | G9: CAD
A10: can_bc_tax | B10: 40544 | C10: 40633 | D10: =DATEDIF(B10,C10,"d") -> 89 | E10: 365 | F10: 20 | G10: CAD
A11: can_bc_tax | B11: 40634 | C11: 40908 | D11: =DATEDIF(B11,C11,"d") -> 274 | E11: 365 | F11: 25 | G11: CAD
A12: can_bc_tax | B12: 40909 | C12: 40999 | D12: =DATEDIF(B12,C12,"d") -> 90 | E12: 365 | F12: 25 | G12: CAD
A13: can_bc_tax | B13: 41000 | C13: 41274 | D13: =DATEDIF(B13,C13,"d") -> 274 | E13: 365 | F13: 30 | G13: CAD
A14: can_bc_tax | B14: 41275 | C14: 41364 | D14: =DATEDIF(B14,C14,"d") -> 89 | E14: 365 | F14: 30 | G14: CAD
A15: can_bc_tax | B15: 41365 | C15: 41639 | D15: =DATEDIF(B15,C15,"d") -> 274 | E15: 365 | F15: 30 | G15: CAD
A16: can_bc_tax | B16: 41640 | C16: 41729 | D16: =DATEDIF(B16,C16,"d") -> 89 | E16: 365 | F16: 30 | G16: CAD
... A37: can_bc_tax | B37: 45383 | C37: 45657 | D37: =DATEDIF(B37,C37,"d") -> 274 | E37: 365 | F37: 80 | G37: CAD

Sheet annual_rates
A5: scheme_id | B5: Year | C5: CO2e price | D5: currency_code | E5: source | F5: comment
A6: can_bc_tax | B6: 2008 | C6: =official_periods!D4/official_periods!E4*official_periods!F4+official_periods!D5/official_periods!E5*official_periods!F5 -> 7.5068493 | D6: CAD
A7: can_bc_tax | B7: 2009 | C7: =official_periods!D6/official_periods!E6*official_periods!F6+official_periods!D7/official_periods!E7*official_periods!F7 -> 13.69863 | D7: CAD
A8: can_bc_tax | B8: 2010 | C8: =official_periods!D8/official_periods!E8*official_periods!F8+official_periods!D9/official_periods!E9*official_periods!F9 -> 18.671233 | D8: CAD
A9: can_bc_tax | B9: 2011 | C9: =official_periods!D10/official_periods!E10*official_periods!F10+official_periods!D11/official_periods!E11*official_periods!F11 -> 23.643836 | D9: CAD
A10: can_bc_tax | B10: 2012 | C10: =official_periods!D12/official_periods!E12*official_periods!F12+official_periods!D13/official_periods!E13*official_periods!F13 -> 28.684932 | D10: CAD
A11: can_bc_tax | B11: 2013 | C11: =official_periods!D14/official_periods!E14*official_periods!F14+official_periods!D15/official_periods!E15*official_periods!F15 -> 29.835616 | D11: CAD
A12: can_bc_tax | B12: 2014 | C12: =official_periods!D16/official_periods!E16*official_periods!F16+official_periods!D17/official_periods!E17*official_periods!F17 -> 29.835616 | D12: CAD
A13: can_bc_tax | B13: 2015 | C13: =official_periods!D18/official_periods!E18*official_periods!F18+official_periods!D19/official_periods!E19*official_periods!F19 -> 29.835616 | D13: CAD
A14: can_bc_tax | B14: 2016 | C14: =official_periods!D20/official_periods!E20*official_periods!F20+official_periods!D21/official_periods!E21*official_periods!F21 -> 29.917808 | D14: CAD
A15: can_bc_tax | B15: 2017 | C15: =official_periods!D22/official_periods!E22*official_periods!F22+official_periods!D23/official_periods!E23*official_periods!F23 -> 29.835616 | D15: CAD
A16: can_bc_tax | B16: 2018 | C16: =official_periods!D24/official_periods!E24*official_periods!F24+official_periods!D25/official_periods!E25*official_periods!F25 -> 33.589041 | D16: CAD
A17: can_bc_tax | B17: 2019 | C17: =official_periods!D26/official_periods!E26*official_periods!F26+official_periods!D27/official_periods!E27*official_periods!F27 -> 38.561644 | D17: CAD
A18: can_bc_tax | B18: 2020 | C18: =official_periods!D28/official_periods!E28*official_periods!F28+official_periods!D29/official_periods!E29*official_periods!F29 -> 39.890411 | D18: CAD
A19: can_bc_tax | B19: 2021 | C19: =official_periods!D30/official_periods!E30*official_periods!F30+official_periods!D31/official_periods!E31*official_periods!F31 -> 43.534247 | D19: CAD
A20: can_bc_tax | B20: 2022 | C20: =official_periods!D32/official_periods!E32*official_periods!F32+official_periods!D33/official_periods!E33*official_periods!F33 -> 48.506849 | D20: CAD
A21: can_bc_tax | B21: 2023 | C21: =official_periods!D34/official_periods!E34*official_periods!F34+official_periods!D35/official_periods!E35*official_periods!F35 -> 60.986301 | D21: CAD
A22: can_bc_tax | B22: 2024 | C22: =official_periods!D36/official_periods!E36*official_periods!F36+official_periods!D37/official_periods!E37*official_periods!F37 -> 76.082192 | D22: CAD
