Workbook

Sheet econ_ministry_table
C1: NAFTAS SIN PLOMO, DE MAS DE 92 RON (por litro) | D1: NAFTAS SIN PLOMO, DE MAS DE 92 RON (por litro) | E1: NAFTAS VIRGEN (por litro) | F1: GASOLINA NATURAL O DE PIROLISIS (por litro) | G1: SOLVENTE (por litro) | H1: AGUARRAS (por litro) | I1: GASOIL (por litro) | J1: DIESEL OIL (por litro) | K1: KEROSENE (por litro) | L1: FUEL OIL (por litro) | M1: COQUE DE PETROLEO (por kilogramo) | N1: CARBON MINERAL (por kilogramo)
A2: 43160 | B2: 43251 | C2: 0.412 | D2: 0.412 | E2: 0.412 | F2: 0.412 | G2: 0.412 | H2: 0.412 | I2: 0.473 | J2: 0.473 | K2: 0.473 | L2: - | M2: - | N2: - | O2: Leyes No 23.966 y No 27.430
A3: 43252 | B3: 43343 | C3: 0.44 | D3: 0.44 | E3: 0.44 | F3: 0.505 | G3: 0.44 | H3: 0.44 | I3: 0.505 | J3: 0.505 | K3: 0.505 | L3: - | M3: - | N3: - | O3: Ley No 23.966, D.R. No 501/2018 y R.G No 4257 -AFIP- (web AFIP)
A4: 43344 | B4: 43434 | C4: 0.478 | D4: 0.478 | E4: 0.478 | F4: 0.549 | G4: 0.478 | H4: 0.478 | I4: 0.549 | J4: 0.549 | K4: 0.549 | L4: - | M4: - | N4: - | O4: Ley No 23.966, D.R. No 501/2018 y R.G No 4257 -AFIP- (web AFIP)
A5: 43435 | B5: 43465 | C5: 0.545 | D5: 0.545 | E5: 0.545 | F5: 0.545 | G5: 0.545 | H5: 0.545 | I5: 0.626 | J5: 0.626 | K5: 0.626 | L5: - | M5: - | N5: - | O5: Ley No 23.966, D.R. No 501/2018 y R.G No 4257 -AFIP- (web AFIP)
A6: 43466 | B6: 43524 | C6: 0.545 | D6: 0.545 | E6: 0.545 | F6: 0.545 | G6: 0.545 | H6: 0.545 | I6: 0.626 | J6: 0.626 | K6: 0.626 | L6: 0.069 | M6: 0.074 | N6: 0.057 | O6: Ley No 23.966, D.R. No 501/2018 y R.G No 4257 -AFIP- (web AFIP), Ley No 27.430 art. 148 (4)
A7: 43525 | B7: 43616 | C7: 0.608 | D7: 0.608 | E7: 0.608 | F7: 0.608 | G7: 0.608 | H7: 0.608 | I7: 0.699 | J7: 0.699 | K7: 0.699 | L7: 0.077 | M7: 0.083 | O7: Ley No 23.966, D.R. No 501/2018 y R.G No 4257 -AFIP- (web AFIP)
A8: 43617 | B8: 43708 | C8: 0.68 | D8: 0.68 | E8: 0.68 | F8: 0.68 | G8: 0.68 | H8: 0.68 | I8: 0.782 | J8: 0.782 | K8: 0.782 | L8: 0.086 | M8: 0.093 | N8: 0.072 | O8: Ley No 23.966, D.R. No 501/2018 y R.G No 4257 -AFIP- (web AFIP)
A9: 43709 | B9: 43769 | C9: 0.68 | D9: 0.68 | E9: 0.68 | F9: 0.744 | G9: 0.744 | H9: 0.744 | I9: 0.782 | J9: 0.856 | K9: 0.856 | L9: 0.094 | M9: 0.102 | N9: 0.079 | O9: Ley No 23.966, D.R. No 501/2018 y R.G No 4257 -AFIP- (web AFIP)
A10: 43770 | B10: 43799 | C10: 0.744 | D10: 0.744 | E10: 0.744 | F10: 0.744 | G10: 0.744 | H10: 0.744 | I10: 0.856 | J10: 0.856 | K10: 0.856 | L10: 0.094 | M10: 0.102 | N10: 0.079 | O10: Ley No 23.966, D.R. No 501/2018 y R.G No 4257 -AFIP- (web AFIP)
A11: 43800 | B11: 43830 | C11: 0.837 | D11: 0.837 | E11: 0.837 | F11: 0.837 | G11: 0.837 | H11: 0.837 | I11: 0.963 | J11: 0.963 | K11: 0.963 | L11: 0.106 | M11: 0.115 | N11: 0.089 | O11: Ley No 23.966, D.R. No 501/2018 y R.G No 4257 -AFIP- (web AFIP)
A12: 43831 | B12: 43889 | C12: 0.837 | D12: 0.837 | E12: 0.837 | F12: 0.837 | G12: 0.837 | H12: 0.837 | I12: 0.963 | J12: 0.963 | K12: 0.963 | L12: 0.211 | M12: 0.226 | N12: 0.174 | O12: Ley No 23.966, D.R. No 501/2018 y R.G No 4257 -AFIP- (web AFIP)
A13: 43891 | B13: 43982 | C13: 0.936 | D13: 0.936 | E13: 0.936 | F13: 0.936 | G13: 0.936 | H13: 0.936 | I13: 1.074 | J13: 1.074 | K13: 1.074 | L13: 0.236 | M13: 0.253 | N13: 0.195 | O13: Ley No 23.966, D.R. No 501/2018 y R.G No 4257 -AFIP- (web AFIP)
A14: 43983 | B14: 44074 | C14: 0.936 | D14: 0.936 | E14: 0.936 | F14: 1.009 | G14: 1009 | H14: 1009 | I14: 1.074 | J14: 1.158 | K14: 1.158 | L14: 0.254 | M14: 0.273 | N14: 0.21 | O14: Ley No 23.966, D.R. No 501/2018 y R.G No 4257 -AFIP- (web AFIP)
A15: 44075 | B15: 44119 | C15: 0.936 | D15: 0.936 | E15: 0.936 | F15: 1.063 | G15: 1063 | H15: 1063 | I15: 1.074 | J15: 1.22 | K15: 1.22 | L15: 0.268 | M15: 0.287 | N15: 0.221 | O15: Ley No 23.966, D.R. No 501/2018 y R.G No 4257 -AFIP- (web AFIP)
A16: 44120 | B16: 44165 | C16: 1.009 | D16: 1.009 | E16: 1.009 | F16: 1.063 | G16: 1063 | H16: 1063 | I16: 1.158 | J16: 1.22 | K16: 1.22 | L16: 0.268 | M16: 0.287 | N16: 0.221 | O16: Ley No 23.966, D.R. No 501/2018 y R.G No 4257 -AFIP- (web AFIP)
A17: 44166 | B17: 44180 | C17: 1.009 | D17: 1.009 | E17: 1.009 | F17: 1.144 | G17: 1144 | H17: 1144 | I17: 1.158 | J17: 1.314 | K17: 1.314 | L17: 0.288 | M17: 0.309 | N17: 0.238 | O17: Ley No 23.966, D.R. No 501/2018 y R.G No 4257 -AFIP- (web AFIP)
A18: 44181 | B18: 44196 | C18: 1.063 | D18: 1.063 | E18: 1.063 | F18: 1.144 | G18: 1.144 | H18: 1.144 | I18: 1.22 | J18: 1.314 | K18: 1.314 | L18: 0.288 | M18: 0.309 | N18: 0.238 | O18: Ley No 23.966, D.R. No 501/2018 y R.G No 4257 -AFIP- (web AFIP)
A19: 44197 | B19: 44211 | C19: 1.063 | D19: 1.063 | E19: 1.063 | F19: 1.144 | G19: 1.144 | H19: 1.144 | I19: 1.22 | J19: 1.314 | K19: 1.314 | L19: 0.432 | M19: 0.464 | N19: 0.357 | O19: Ley No 23.966, D.R. No 501/2018 y R.G No 4257 -AFIP- (web AFIP)
... A30: 44713 | B30: 44804 | C30: 1.274 | D30: 1.274 | E30: 1.274 | F30: 2.232 | G30: 2.232 | H30: 2.232 | I30: 1.463 | J30: 2.562 | K30: 2.562 | L30: 1.125 | M30: 1.207 | N30: 0.93 | O30: Ley No 23.966, D.R. No 501/2018 y R.G No 4257 -AFIP- (web AFIP)

Sheet pro_rated_temp
C1: weight | E1: =econ_ministry_table!C1 -> NAFTAS SIN PLOMO, DE MAS DE 92 RON (por litro) | F1: =econ_ministry_table!D1 -> NAFTAS SIN PLOMO, DE MAS DE 92 RON (por litro) | G1: =econ_ministry_table!E1 -> NAFTAS VIRGEN (por litro) | H1: =econ_ministry_table!F1 -> GASOLINA NATURAL O DE PIROLISIS (por litro) | I1: =econ_ministry_table!G1 -> SOLVENTE (por litro) | J1: =econ_ministry_table!H1 -> AGUARRAS (por litro) | K1: =econ_ministry_table!I1 -> GASOIL (por litro) | L1: =econ_ministry_table!J1 -> DIESEL OIL (por litro) | ... P1: =econ_ministry_table!N1 -> CARBON MINERAL (por kilogramo)
A2: =econ_ministry_table!A2 -> 43160 | B2: =econ_ministry_table!B2 -> 43251 | C2: =DATEDIF(A2,B2,"d") -> 91 | D2: 365 | E2: =econ_ministry_table!C2*pro_rated_temp!$C2/pro_rated_temp!$D2 -> 0.10271781 | F2: =econ_ministry_table!D2*pro_rated_temp!$C2/pro_rated_temp!$D2 -> 0.10271781 | G2: =econ_ministry_table!E2*pro_rated_temp!$C2/pro_rated_temp!$D2 -> 0.10271781 | H2: =econ_ministry_table!F2*pro_rated_temp!$C2/pro_rated_temp!$D2 -> 0.10271781 | I2: =econ_ministry_table!G2*pro_rated_temp!$C2/pro_rated_temp!$D2 -> 0.10271781 | J2: =econ_ministry_table!H2*pro_rated_temp!$C2/pro_rated_temp!$D2 -> 0.10271781 | K2: =econ_ministry_table!I2*pro_rated_temp!$C2/pro_rated_temp!$D2 -> 0.11792603 | L2: =econ_ministry_table!J2*pro_rated_temp!$C2/pro_rated_temp!$D2 -> 0.11792603 | ... P2: =econ_ministry_table!N2*pro_rated_temp!$C2/pro_rated_temp!$D2 -> #VALUE!
A3: =econ_ministry_table!A3 -> 43252 | B3: =econ_ministry_table!B3 -> 43343 | C3: =DATEDIF(A3,B3,"d") -> 91 | D3: 365 | E3: =econ_ministry_table!C3*pro_rated_temp!$C3/pro_rated_temp!$D3 -> 0.10969863 | F3: =econ_ministry_table!D3*pro_rated_temp!$C3/pro_rated_temp!$D3 -> 0.10969863 | G3: =econ_ministry_table!E3*pro_rated_temp!$C3/pro_rated_temp!$D3 -> 0.10969863 | H3: =econ_ministry_table!F3*pro_rated_temp!$C3/pro_rated_temp!$D3 -> 0.12590411 | I3: =econ_ministry_table!G3*pro_rated_temp!$C3/pro_rated_temp!$D3 -> 0.10969863 | J3: =econ_ministry_table!H3*pro_rated_temp!$C3/pro_rated_temp!$D3 -> 0.10969863 | K3: =econ_ministry_table!I3*pro_rated_temp!$C3/pro_rated_temp!$D3 -> 0.12590411 | L3: =econ_ministry_table!J3*pro_rated_temp!$C3/pro_rated_temp!$D3 -> 0.12590411 | ... P3: =econ_ministry_table!N3*pro_rated_temp!$C3/pro_rated_temp!$D3 -> #VALUE!
A4: =econ_ministry_table!A4 -> 43344 | B4: =econ_ministry_table!B4 -> 43434 | C4: =DATEDIF(A4,B4,"d") -> 90 | D4: 365 | E4: =econ_ministry_table!C4*pro_rated_temp!$C4/pro_rated_temp!$D4 -> 0.11786301 | F4: =econ_ministry_table!D4*pro_rated_temp!$C4/pro_rated_temp!$D4 -> 0.11786301 | G4: =econ_ministry_table!E4*pro_rated_temp!$C4/pro_rated_temp!$D4 -> 0.11786301 | H4: =econ_ministry_table!F4*pro_rated_temp!$C4/pro_rated_temp!$D4 -> 0.13536986 | I4: =econ_ministry_table!G4*pro_rated_temp!$C4/pro_rated_temp!$D4 -> 0.11786301 | J4: =econ_ministry_table!H4*pro_rated_temp!$C4/pro_rated_temp!$D4 -> 0.11786301 | K4: =econ_ministry_table!I4*pro_rated_temp!$C4/pro_rated_temp!$D4 -> 0.13536986 | L4: =econ_ministry_table!J4*pro_rated_temp!$C4/pro_rated_temp!$D4 -> 0.13536986 | ... P4: =econ_ministry_table!N4*pro_rated_temp!$C4/pro_rated_temp!$D4 -> #VALUE!
A5: =econ_ministry_table!A5 -> 43435 | B5: =econ_ministry_table!B5 -> 43465 | C5: =DATEDIF(A5,B5,"d") -> 30 | D5: 365 | E5: =econ_ministry_table!C5*pro_rated_temp!$C5/pro_rated_temp!$D5 -> 0.044794521 | F5: =econ_ministry_table!D5*pro_rated_temp!$C5/pro_rated_temp!$D5 -> 0.044794521 | G5: =econ_ministry_table!E5*pro_rated_temp!$C5/pro_rated_temp!$D5 -> 0.044794521 | H5: =econ_ministry_table!F5*pro_rated_temp!$C5/pro_rated_temp!$D5 -> 0.044794521 | I5: =econ_ministry_table!G5*pro_rated_temp!$C5/pro_rated_temp!$D5 -> 0.044794521 | J5: =econ_ministry_table!H5*pro_rated_temp!$C5/pro_rated_temp!$D5 -> 0.044794521 | K5: =econ_ministry_table!I5*pro_rated_temp!$C5/pro_rated_temp!$D5 -> 0.051452055 | L5: =econ_ministry_table!J5*pro_rated_temp!$C5/pro_rated_temp!$D5 -> 0.051452055 | ... P5: =econ_ministry_table!N5*pro_rated_temp!$C5/pro_rated_temp!$D5 -> #VALUE!
A6: =econ_ministry_table!A6 -> 43466 | B6: =econ_ministry_table!B6 -> 43524 | C6: =DATEDIF(A6,B6,"d") -> 58 | D6: 365 | E6: =econ_ministry_table!C6*pro_rated_temp!$C6/pro_rated_temp!$D6 -> 0.08660274 | F6: =econ_ministry_table!D6*pro_rated_temp!$C6/pro_rated_temp!$D6 -> 0.08660274 | G6: =econ_ministry_table!E6*pro_rated_temp!$C6/pro_rated_temp!$D6 -> 0.08660274 | H6: =econ_ministry_table!F6*pro_rated_temp!$C6/pro_rated_temp!$D6 -> 0.08660274 | I6: =econ_ministry_table!G6*pro_rated_temp!$C6/pro_rated_temp!$D6 -> 0.08660274 | J6: =econ_ministry_table!H6*pro_rated_temp!$C6/pro_rated_temp!$D6 -> 0.08660274 | K6: =econ_ministry_table!I6*pro_rated_temp!$C6/pro_rated_temp!$D6 -> 0.099473973 | L6: =econ_ministry_table!J6*pro_rated_temp!$C6/pro_rated_temp!$D6 -> 0.099473973 | ... P6: =econ_ministry_table!N6*pro_rated_temp!$C6/pro_rated_temp!$D6 -> 0.0090575342
A7: =econ_ministry_table!A7 -> 43525 | B7: =econ_ministry_table!B7 -> 43616 | C7: =DATEDIF(A7,B7,"d") -> 91 | D7: 365 | E7: =econ_ministry_table!C7*pro_rated_temp!$C7/pro_rated_temp!$D7 -> 0.15158356 | F7: =econ_ministry_table!D7*pro_rated_temp!$C7/pro_rated_temp!$D7 -> 0.15158356 | G7: =econ_ministry_table!E7*pro_rated_temp!$C7/pro_rated_temp!$D7 -> 0.15158356 | H7: =econ_ministry_table!F7*pro_rated_temp!$C7/pro_rated_temp!$D7 -> 0.15158356 | I7: =econ_ministry_table!G7*pro_rated_temp!$C7/pro_rated_temp!$D7 -> 0.15158356 | J7: =econ_ministry_table!H7*pro_rated_temp!$C7/pro_rated_temp!$D7 -> 0.15158356 | K7: =econ_ministry_table!I7*pro_rated_temp!$C7/pro_rated_temp!$D7 -> 0.17427123 | L7: =econ_ministry_table!J7*pro_rated_temp!$C7/pro_rated_temp!$D7 -> 0.17427123 | ... P7: =econ_ministry_table!N7*pro_rated_temp!$C7/pro_rated_temp!$D7 -> 0
A8: =econ_ministry_table!A8 -> 43617 | B8: =econ_ministry_table!B8 -> 43708 | C8: =DATEDIF(A8,B8,"d") -> 91 | D8: 365 | E8: =econ_ministry_table!C8*pro_rated_temp!$C8/pro_rated_temp!$D8 -> 0.16953425 | F8: =econ_ministry_table!D8*pro_rated_temp!$C8/pro_rated_temp!$D8 -> 0.16953425 | G8: =econ_ministry_table!E8*pro_rated_temp!$C8/pro_rated_temp!$D8 -> 0.16953425 | H8: =econ_ministry_table!F8*pro_rated_temp!$C8/pro_rated_temp!$D8 -> 0.16953425 | I8: =econ_ministry_table!G8*pro_rated_temp!$C8/pro_rated_temp!$D8 -> 0.16953425 | J8: =econ_ministry_table!H8*pro_rated_temp!$C8/pro_rated_temp!$D8 -> 0.16953425 | K8: =econ_ministry_table!I8*pro_rated_temp!$C8/pro_rated_temp!$D8 -> 0.19496438 | L8: =econ_ministry_table!J8*pro_rated_temp!$C8/pro_rated_temp!$D8 -> 0.19496438 | ... P8: =econ_ministry_table!N8*pro_rated_temp!$C8/pro_rated_temp!$D8 -> 0.017950685
A9: =econ_ministry_table!A9 -> 43709 | B9: =econ_ministry_table!B9 -> 43769 | C9: =DATEDIF(A9,B9,"d") -> 60 | D9: 365 | E9: =econ_ministry_table!C9*pro_rated_temp!$C9/pro_rated_temp!$D9 -> 0.11178082 | F9: =econ_ministry_table!D9*pro_rated_temp!$C9/pro_rated_temp!$D9 -> 0.11178082 | G9: =econ_ministry_table!E9*pro_rated_temp!$C9/pro_rated_temp!$D9 -> 0.11178082 | H9: =econ_ministry_table!F9*pro_rated_temp!$C9/pro_rated_temp!$D9 -> 0.12230137 | I9: =econ_ministry_table!G9*pro_rated_temp!$C9/pro_rated_temp!$D9 -> 0.12230137 | J9: =econ_ministry_table!H9*pro_rated_temp!$C9/pro_rated_temp!$D9 -> 0.12230137 | K9: =econ_ministry_table!I9*pro_rated_temp!$C9/pro_rated_temp!$D9 -> 0.12854795 | L9: =econ_ministry_table!J9*pro_rated_temp!$C9/pro_rated_temp!$D9 -> 0.14071233 | ... P9: =econ_ministry_table!N9*pro_rated_temp!$C9/pro_rated_temp!$D9 -> 0.012986301
A10: =econ_ministry_table!A10 -> 43770 | B10: =econ_ministry_table!B10 -> 43799 | C10: =DATEDIF(A10,B10,"d") -> 29 | D10: 365 | E10: =econ_ministry_table!C10*pro_rated_temp!$C10/pro_rated_temp!$D10 -> 0.059112329 | F10: =econ_ministry_table!D10*pro_rated_temp!$C10/pro_rated_temp!$D10 -> 0.059112329 | G10: =econ_ministry_table!E10*pro_rated_temp!$C10/pro_rated_temp!$D10 -> 0.059112329 | H10: =econ_ministry_table!F10*pro_rated_temp!$C10/pro_rated_temp!$D10 -> 0.059112329 | I10: =econ_ministry_table!G10*pro_rated_temp!$C10/pro_rated_temp!$D10 -> 0.059112329 | J10: =econ_ministry_table!H10*pro_rated_temp!$C10/pro_rated_temp!$D10 -> 0.059112329 | K10: =econ_ministry_table!I10*pro_rated_temp!$C10/pro_rated_temp!$D10 -> 0.068010959 | L10: =econ_ministry_table!J10*pro_rated_temp!$C10/pro_rated_temp!$D10 -> 0.068010959 | ... P10: =econ_ministry_table!N10*pro_rated_temp!$C10/pro_rated_temp!$D10 -> 0.0062767123
A11: =econ_ministry_table!A11 -> 43800 | B11: =econ_ministry_table!B11 -> 43830 | C11: =DATEDIF(A11,B11,"d") -> 30 | D11: 365 | E11: =econ_ministry_table!C11*pro_rated_temp!$C11/pro_rated_temp!$D11 -> 0.068794521 | F11: =econ_ministry_table!D11*pro_rated_temp!$C11/pro_rated_temp!$D11 -> 0.068794521 | G11: =econ_ministry_table!E11*pro_rated_temp!$C11/pro_rated_temp!$D11 -> 0.068794521 | H11: =econ_ministry_table!F11*pro_rated_temp!$C11/pro_rated_temp!$D11 -> 0.068794521 | I11: =econ_ministry_table!G11*pro_rated_temp!$C11/pro_rated_temp!$D11 -> 0.068794521 | J11: =econ_ministry_table!H11*pro_rated_temp!$C11/pro_rated_temp!$D11 -> 0.068794521 | K11: =econ_ministry_table!I11*pro_rated_temp!$C11/pro_rated_temp!$D11 -> 0.079150685 | L11: =econ_ministry_table!J11*pro_rated_temp!$C11/pro_rated_temp!$D11 -> 0.079150685 | ... P11: =econ_ministry_table!N11*pro_rated_temp!$C11/pro_rated_temp!$D11 -> 0.0073150685
A12: =econ_ministry_table!A12 -> 43831 | B12: =econ_ministry_table!B12 -> 43889 | C12: =DATEDIF(A12,B12,"d") -> 58 | D12: 365 | E12: =econ_ministry_table!C12*pro_rated_temp!$C12/pro_rated_temp!$D12 -> 0.13300274 | F12: =econ_ministry_table!D12*pro_rated_temp!$C12/pro_rated_temp!$D12 -> 0.13300274 | G12: =econ_ministry_table!E12*pro_rated_temp!$C12/pro_rated_temp!$D12 -> 0.13300274 | H12: =econ_ministry_table!F12*pro_rated_temp!$C12/pro_rated_temp!$D12 -> 0.13300274 | I12: =econ_ministry_table!G12*pro_rated_temp!$C12/pro_rated_temp!$D12 -> 0.13300274 | J12: =econ_ministry_table!H12*pro_rated_temp!$C12/pro_rated_temp!$D12 -> 0.13300274 | K12: =econ_ministry_table!I12*pro_rated_temp!$C12/pro_rated_temp!$D12 -> 0.15302466 | L12: =econ_ministry_table!J12*pro_rated_temp!$C12/pro_rated_temp!$D12 -> 0.15302466 | ... P12: =econ_ministry_table!N12*pro_rated_temp!$C12/pro_rated_temp!$D12 -> 0.027649315
A13: =econ_ministry_table!A13 -> 43891 | B13: =econ_ministry_table!B13 -> 43982 | C13: =DATEDIF(A13,B13,"d") -> 91 | D13: 365 | E13: =econ_ministry_table!C13*pro_rated_temp!$C13/pro_rated_temp!$D13 -> 0.2333589 | F13: =econ_ministry_table!D13*pro_rated_temp!$C13/pro_rated_temp!$D13 -> 0.2333589 | G13: =econ_ministry_table!E13*pro_rated_temp!$C13/pro_rated_temp!$D13 -> 0.2333589 | H13: =econ_ministry_table!F13*pro_rated_temp!$C13/pro_rated_temp!$D13 -> 0.2333589 | I13: =econ_ministry_table!G13*pro_rated_temp!$C13/pro_rated_temp!$D13 -> 0.2333589 | J13: =econ_ministry_table!H13*pro_rated_temp!$C13/pro_rated_temp!$D13 -> 0.2333589 | K13: =econ_ministry_table!I13*pro_rated_temp!$C13/pro_rated_temp!$D13 -> 0.26776438 | L13: =econ_ministry_table!J13*pro_rated_temp!$C13/pro_rated_temp!$D13 -> 0.26776438 | ... P13: =econ_ministry_table!N13*pro_rated_temp!$C13/pro_rated_temp!$D13 -> 0.048616438
... A30: =econ_ministry_table!A30 -> 44713 | B30: =econ_ministry_table!B30 -> 44804 | C30: =DATEDIF(A30,B30,"d") -> 91 | D30: 365 | E30: =econ_ministry_table!C30*pro_rated_temp!$C30/pro_rated_temp!$D30 -> 0.3176274 | F30: =econ_ministry_table!D30*pro_rated_temp!$C30/pro_rated_temp!$D30 -> 0.3176274 | G30: =econ_ministry_table!E30*pro_rated_temp!$C30/pro_rated_temp!$D30 -> 0.3176274 | H30: =econ_ministry_table!F30*pro_rated_temp!$C30/pro_rated_temp!$D30 -> 0.55647123 | I30: =econ_ministry_table!G30*pro_rated_temp!$C30/pro_rated_temp!$D30 -> 0.55647123 | J30: =econ_ministry_table!H30*pro_rated_temp!$C30/pro_rated_temp!$D30 -> 0.55647123 | K30: =econ_ministry_table!I30*pro_rated_temp!$C30/pro_rated_temp!$D30 -> 0.36474795 | L30: =econ_ministry_table!J30*pro_rated_temp!$C30/pro_rated_temp!$D30 -> 0.63874521 | ... P30: =econ_ministry_table!N30*pro_rated_temp!$C30/pro_rated_temp!$D30 -> 0.23186301

Sheet annual_physical_units
B1: =pro_rated_temp!E1 -> NAFTAS SIN PLOMO, DE MAS DE 92 RON (por litro) | C1: =pro_rated_temp!F1 -> NAFTAS SIN PLOMO, DE MAS DE 92 RON (por litro) | D1: =pro_rated_temp!G1 -> NAFTAS VIRGEN (por litro) | E1: =pro_rated_temp!H1 -> GASOLINA NATURAL O DE PIROLISIS (por litro) | F1: =pro_rated_temp!I1 -> SOLVENTE (por litro) | G1: =pro_rated_temp!J1 -> AGUARRAS (por litro) | H1: =pro_rated_temp!K1 -> GASOIL (por litro) | I1: =pro_rated_temp!L1 -> DIESEL OIL (por litro) | ... M1: =pro_rated_temp!P1 -> CARBON MINERAL (por kilogramo)
A2: 2018 | B2: =SUM(pro_rated_temp!E2:E5) -> 0.37507397 | C2: =SUM(pro_rated_temp!F2:F5) -> 0.37507397 | D2: =SUM(pro_rated_temp!G2:G5) -> 0.37507397 | E2: =SUM(pro_rated_temp!H2:H5) -> 0.4087863 | F2: =SUM(pro_rated_temp!I2:I5) -> 0.37507397 | G2: =SUM(pro_rated_temp!J2:J5) -> 0.37507397 | H2: =SUM(pro_rated_temp!K2:K5) -> 0.43065205 | I2: =SUM(pro_rated_temp!L2:L5) -> 0.43065205 | ... M2: =SUM(pro_rated_temp!P2:P5) -> #VALUE!
A3: 2019 | B3: =SUM(pro_rated_temp!E6:E11) -> 0.64740822 | C3: =SUM(pro_rated_temp!F6:F11) -> 0.64740822 | D3: =SUM(pro_rated_temp!G6:G11) -> 0.64740822 | E3: =SUM(pro_rated_temp!H6:H11) -> 0.65792877 | F3: =SUM(pro_rated_temp!I6:I11) -> 0.65792877 | G3: =SUM(pro_rated_temp!J6:J11) -> 0.65792877 | H3: =SUM(pro_rated_temp!K6:K11) -> 0.74441918 | I3: =SUM(pro_rated_temp!L6:L11) -> 0.75658356 | ... M3: =SUM(pro_rated_temp!P6:P11) -> 0.053586301
A4: 2020 | B4: =SUM(pro_rated_temp!E12:E18) -> 0.91933699 | C4: =SUM(pro_rated_temp!F12:F18) -> 0.91933699 | D4: =SUM(pro_rated_temp!G12:G18) -> 0.91933699 | E4: =SUM(pro_rated_temp!H12:H18) -> 0.96801096 | F4: =SUM(pro_rated_temp!I12:I18) -> 555.04899 | G4: =SUM(pro_rated_temp!J12:J18) -> 555.04899 | H4: =SUM(pro_rated_temp!K12:K18) -> 1.0553425 | I4: =SUM(pro_rated_temp!L12:L18) -> 1.1113753 | ... M4: =SUM(pro_rated_temp!P12:P18) -> 0.20141918
A5: 2021 | B5: =SUM(pro_rated_temp!E19:E27) -> 1.1980849 | C5: =SUM(pro_rated_temp!F19:F27) -> 1.1980849 | D5: =SUM(pro_rated_temp!G19:G27) -> 1.1980849 | E5: =SUM(pro_rated_temp!H19:H27) -> 1.381326 | F5: =SUM(pro_rated_temp!I19:I27) -> 1.381326 | G5: =SUM(pro_rated_temp!J19:J27) -> 1.381326 | H5: =SUM(pro_rated_temp!K19:K27) -> 1.4317836 | I5: =SUM(pro_rated_temp!L19:L27) -> 1.5858767 | ... M5: =SUM(pro_rated_temp!P19:P27) -> 0.43159178
A6: 2022 | B6: =SUM(pro_rated_temp!E28:E30) -> 0.83769863 | C6: =SUM(pro_rated_temp!F28:F30) -> 0.83769863 | D6: =SUM(pro_rated_temp!G28:G30) -> 0.83769863 | E6: =SUM(pro_rated_temp!H28:H30) -> 1.3131918 | F6: =SUM(pro_rated_temp!I28:I30) -> 1.3131918 | G6: =SUM(pro_rated_temp!J28:J30) -> 1.3131918 | H6: =SUM(pro_rated_temp!K28:K30) -> 0.9619726 | I6: =SUM(pro_rated_temp!L28:L30) -> 1.5075178 | ... M6: =SUM(pro_rated_temp!P28:P30) -> 0.54708767

Sheet annual_tco2
B1: =annual_physical_units!B1 -> NAFTAS SIN PLOMO, DE MAS DE 92 RON (por litro) | C1: =annual_physical_units!C1 -> NAFTAS SIN PLOMO, DE MAS DE 92 RON (por litro) | D1: =annual_physical_units!D1 -> NAFTAS VIRGEN (por litro) | E1: =annual_physical_units!E1 -> GASOLINA NATURAL O DE PIROLISIS (por litro) | F1: =annual_physical_units!F1 -> SOLVENTE (por litro) | G1: =annual_physical_units!G1 -> AGUARRAS (por litro) | H1: =annual_physical_units!H1 -> GASOIL (por litro) | I1: =annual_physical_units!I1 -> DIESEL OIL (por litro) | ... M1: =annual_physical_units!M1 -> CARBON MINERAL (por kilogramo)
A2: 2018 | E2: =annual_physical_units!E2/emission_factors!$D$3*1000 -> 253.63672 | H2: =annual_physical_units!H2/emission_factors!$G$3*1000 -> 160.9012 | I2: =annual_physical_units!I2/emission_factors!$H$3*1000 -> 160.9012 | J2: =annual_physical_units!J2/emission_factors!$I$3*1000 -> 172.8832 | K2: =annual_physical_units!K2/(emission_factors!$J$3)*1000 -> #VALUE! | L2: =annual_physical_units!L2/(emission_factors!$K$3/1000)*1000 -> #VALUE!
A3: 2019 | E3: =annual_physical_units!E3/emission_factors!$D$3*1000 -> 408.22037 | H3: =annual_physical_units!H3/emission_factors!$G$3*1000 -> 278.13158 | I3: =annual_physical_units!I3/emission_factors!$H$3*1000 -> 282.67647 | J3: =annual_physical_units!J3/emission_factors!$I$3*1000 -> 303.72684 | K3: =annual_physical_units!K3/(emission_factors!$J$3)*1000 -> 28.318177 | L3: =annual_physical_units!L3/(emission_factors!$K$3/1000)*1000 -> 28.390262
A4: 2020 | E4: =annual_physical_units!E4/emission_factors!$D$3*1000 -> 600.61485 | H4: =annual_physical_units!H4/emission_factors!$G$3*1000 -> 394.29945 | I4: =annual_physical_units!I4/emission_factors!$H$3*1000 -> 415.23458 | J4: =annual_physical_units!J4/emission_factors!$I$3*1000 -> 446.1563 | K4: =annual_physical_units!K4/(emission_factors!$J$3)*1000 -> 82.986863 | L4: =annual_physical_units!L4/(emission_factors!$K$3/1000)*1000 -> 82.551025
A5: 2021 | E5: =annual_physical_units!E5/emission_factors!$D$3*1000 -> 857.0615 | H5: =annual_physical_units!H5/emission_factors!$G$3*1000 -> 534.94622 | I5: =annual_physical_units!I5/emission_factors!$H$3*1000 -> 592.51885 | J5: =annual_physical_units!J5/emission_factors!$I$3*1000 -> 636.6426 | K5: =annual_physical_units!K5/(emission_factors!$J$3)*1000 -> 177.50289 | L5: =annual_physical_units!L5/(emission_factors!$K$3/1000)*1000 -> 176.88233
A6: 2022 | E6: =annual_physical_units!E6/emission_factors!$D$3*1000 -> 814.78674 | H6: =annual_physical_units!H6/emission_factors!$G$3*1000 -> 359.41439 | I6: =annual_physical_units!I6/emission_factors!$H$3*1000 -> 563.24222 | J6: =annual_physical_units!J6/emission_factors!$I$3*1000 -> 605.18579 | K6: =annual_physical_units!K6/(emission_factors!$J$3)*1000 -> 225.13608 | L6: =annual_physical_units!L6/(emission_factors!$K$3/1000)*1000 -> 224.13142

Sheet emission_factors
J1: kgCO2/litre | K1: kgCO2/tonne
A2: =annual_tco2!B1 -> NAFTAS SIN PLOMO, DE MAS DE 92 RON (por litro) | B2: =annual_tco2!C1 -> NAFTAS SIN PLOMO, DE MAS DE 92 RON (por litro) | C2: =annual_tco2!D1 -> NAFTAS VIRGEN (por litro) | D2: =annual_tco2!E1 -> GASOLINA NATURAL O DE PIROLISIS (por litro) | E2: =annual_tco2!F1 -> SOLVENTE (por litro) | F2: =annual_tco2!G1 -> AGUARRAS (por litro) | G2: =annual_tco2!H1 -> GASOIL (por litro) | H2: =annual_tco2!I1 -> DIESEL OIL (por litro) | ... L2: =annual_tco2!M1 -> CARBON MINERAL (por kilogramo)
D3: 1.6117 | G3: 2.6765 | H3: 2.6765 | I3: 2.491 | J3: 2.9393 | K3: 3168.75
